{
    "AUG2D": 1.6874118e06,
    "AUG2DC": 1.8183681e06,
    "AUG2DCQP": 6.4981348e06,
    "AUG2DQP": 6.2370121e06,
    "AUG3D": 5.5406773e02,
    "AUG3DC": 7.7126244e02,
    "AUG3DCQP": 9.9336215e02,
    "AUG3DQP": 6.7523767e02,
    "BOYD1": -6.1735220e07,
    "BOYD2": 2.1256767e01,
    "CONT-050": -4.5638509e00,
    "CONT-100": -4.6443979e00,
    "CONT-101": 1.9552733e-01,
    "CONT-200": -4.6848759e00,
    "CONT-201": 1.9248337e-01,
    "CONT-300": 1.9151232e-01,
    "CVXQP1_L": 1.0870480e08,
    "CVXQP1_M": 1.0875116e06,
    "CVXQP1_S": 1.1590718e04,
    "CVXQP2_L": 8.1842458e07,
    "CVXQP2_M": 8.2015543e05,
    "CVXQP2_S": 8.1209405e03,
    "CVXQP3_L": 1.1571110e08,
    "CVXQP3_M": 1.3628287e06,
    "CVXQP3_S": 1.1943432e04,
    "DPKLO1": 3.7009622e-01,
    "DTOC3": 2.3526248e02,
    "DUAL1": 3.5012966e-02,
    "DUAL2": 3.3733676e-02,
    "DUAL3": 1.3575584e-01,
    "DUAL4": 7.4609084e-01,
    "DUALC1": 6.1552508e03,
    "DUALC2": 3.5513077e03,
    "DUALC5": 4.2723233e02,
    "DUALC8": 1.8309359e04,
    "EXDATA": -1.4184343e02,
    "GENHS28": 9.2717369e-01,
    "GOULDQP2": 1.8427534e-04,
    "GOULDQP3": 2.0627840e00,
    "HS118": 6.6482045e02,
    "HS21": -9.9960000e01,
    "HS268": 5.7310705e-07,
    "HS35": 1.1111111e-01,
    "HS35MOD": 2.5000000e-01,
    "HS51": 8.8817842e-16,
    "HS52": 5.3266476e00,
    "HS53": 4.0930233e00,
    "HS76": -4.6818182e00,
    "HUES-MOD": 3.4824690e07,
    "HUESTIS": 3.4824690e11,
    "KSIP": 5.7579794e-01,
    "LASER": 2.4096014e06,
    "LISWET1": 3.6122402e01,
    "LISWET10": 4.9485785e01,
    "LISWET11": 4.9523957e01,
    "LISWET12": 1.7369274e03,
    "LISWET2": 2.4998076e01,
    "LISWET3": 2.5001220e01,
    "LISWET4": 2.5000112e01,
    "LISWET5": 2.5034253e01,
    "LISWET6": 2.4995748e01,
    "LISWET7": 4.9884089e02,
    "LISWET8": 7.1447006e03,
    "LISWET9": 1.9632513e03,
    "LOTSCHD": 2.3984159e03,
    "MOSARQP1": -9.5287544e02,
    "MOSARQP2": -1.5974821e03,
    "POWELL20": 5.2089583e10,
    "PRIMAL1": -3.5012965e-02,
    "PRIMAL2": -3.3733676e-02,
    "PRIMAL3": -1.3575584e-01,
    "PRIMAL4": -7.4609083e-01,
    "PRIMALC1": -6.1552508e03,
    "PRIMALC2": -3.5513077e03,
    "PRIMALC5": -4.2723233e02,
    "PRIMALC8": -1.8309430e04,
    "Q25FV47": 1.3744448e07,
    "QADLITTL": 4.8031886e05,
    "QAFIRO": -1.5907818e00,
    "QBANDM": 1.6352342e04,
    "QBEACONF": 1.6471206e05,
    "QBORE3D": 3.1002008e03,
    "QBRANDY": 2.8375115e04,
    "QCAPRI": 6.6793293e07,
    "QE226": 2.1265343e02,
    "QETAMACR": 8.6760370e04,
    "QFFFFF80": 8.7314747e05,
    "QFORPLAN": 7.4566315e09,
    "QGFRDXPN": 1.0079059e11,
    "QGROW15": -1.0169364e08,
    "QGROW22": -1.4962895e08,
    "QGROW7": -4.2798714e07,
    "QISRAEL": 2.5347838e07,
    "QPCBLEND": -7.8425409e-03,
    "QPCBOEI1": 1.1503914e07,
    "QPCBOEI2": 8.1719623e06,
    "QPCSTAIR": 6.2043875e06,
    "QPILOTNO": 4.7285869e06,
    "QPTEST": 4.3718750e00,
    "QRECIPE": -2.6661600e02,
    "QSC205": -5.8139518e-03,
    "QSCAGR25": 2.0173794e08,
    "QSCAGR7": 2.6865949e07,
    "QSCFXM1": 1.6882692e07,
    "QSCFXM2": 2.7776162e07,
    "QSCFXM3": 3.0816355e07,
    "QSCORPIO": 1.8805096e03,
    "QSCRS8": 9.0456001e02,
    "QSCSD1": 8.6666667e00,
    "QSCSD6": 5.0808214e01,
    "QSCSD8": 9.4076357e02,
    "QSCTAP1": 1.4158611e03,
    "QSCTAP2": 1.7350265e03,
    "QSCTAP3": 1.4387547e03,
    "QSEBA": 8.1481801e07,
    "QSHARE1B": 7.2007832e05,
    "QSHARE2B": 1.1703692e04,
    "QSHELL": 1.5726368e12,
    "QSHIP04L": 2.4200155e06,
    "QSHIP04S": 2.4249937e06,
    "QSHIP08L": 2.3760406e06,
    "QSHIP08S": 2.3857289e06,
    "QSHIP12L": 3.0188766e06,
    "QSHIP12S": 3.0569623e06,
    "QSIERRA": 2.3750458e07,
    "QSTAIR": 7.9854528e06,
    "QSTANDAT": 6.4118384e03,
    "S268": 5.7310705e-07,
    "SELFQMIN": -1.9199961e-01,
    "STADAT1": -2.8526864e07,
    "STADAT2": -3.2626665e01,
    "STADAT3": -3.5779453e01,
    "STCQP1": 1.5514356e05,
    "STCQP2": 2.2327313e04,
    "TAME": 0.0000000e00,
    "UBH1": 1.1160008e00,
    "VALUES": -1.3966211e00,
    "YAO": 1.9770426e02,
    "ZECEVIC2": -4.1250000e00
}
